<?xml version="1.0" encoding="UTF-8" standalone="yes"?>
<addon id="plugin.program.homemediasolutions.wizard" name="Home Media Solutions" version="4.0" provider-name="BTARR">
  <requires>
    <import addon="xbmc.python" version="2.1.0"/>
	<import addon="script.module.addon.common" />
  </requires>
  <extension point="xbmc.python.pluginsource" library="default.py">
        <provides>video executable</provides>
  </extension>
  <extension point="xbmc.addon.metadata">
    <summary lang="en">Homemedia Wizard</summary>
    <description lang="en">Homemedia Builds!</description>
    <platform>all</platform>
  </extension>
</addon>
